indicateur,unit,date,value
T abonnés Internet Fixe et Mobile (Toutes technologies),Nombre,2013,348192.0
T abonnés Internet Fixe et Mobile (Toutes technologies),Nombre,2014,609095.0
T abonnés Internet Fixe et Mobile (Toutes technologies),Nombre,2015,902748.0
T abonnés Internet Fixe et Mobile (Toutes technologies),Nombre,2016,1570153.0
T abonnés Internet Fixe et Mobile (Toutes technologies),Nombre,2017,2655799.0
T abonnés Internet Fixe et Mobile (Toutes technologies),Nombre,2018,3686211.0
T abonnés Internet Fixe et Mobile (Toutes technologies),Nombre,2019,3411809.0
T abonnés Internet haut débit Fixe et Mobile,Nombre,2013,161877.0
T abonnés Internet haut débit Fixe et Mobile,Nombre,2014,255622.0
T abonnés Internet haut débit Fixe et Mobile,Nombre,2015,497941.0
T abonnés Internet haut débit Fixe et Mobile,Nombre,2016,1486188.0
T abonnés Internet haut débit Fixe et Mobile,Nombre,2017,2066408.0
T abonnés Internet haut débit Fixe et Mobile,Nombre,2018,2549258.0
T abonnés Internet haut débit Fixe et Mobile,Nombre,2019,2082203.0
T abonnés Internet mobiles (Toutes technologies),Nombre,2013,279437.0
T abonnés Internet mobiles (Toutes technologies),Nombre,2014,526984.0
T abonnés Internet mobiles (Toutes technologies),Nombre,2015,836676.0
T abonnés Internet mobiles (Toutes technologies),Nombre,2016,1521390.0
T abonnés Internet mobiles (Toutes technologies),Nombre,2017,2605249.0
T abonnés Internet mobiles (Toutes technologies),Nombre,2018,3660055.0
T abonnés Internet mobiles (Toutes technologies),Nombre,2019,3379910.0
T abonnés Internet mobiles (Haut débit),Nombre,2013,130019.0
T abonnés Internet mobiles (Haut débit),Nombre,2014,210448.0
T abonnés Internet mobiles (Haut débit),Nombre,2015,431869.0
T abonnés Internet mobiles (Haut débit),Nombre,2016,1437425.0
T abonnés Internet mobiles (Haut débit),Nombre,2017,2015858.0
T abonnés Internet mobiles (Haut débit),Nombre,2018,2524282.0
T abonnés Internet mobiles (Haut débit),Nombre,2019,2050304.0
Abonnés GPRS /EDGE Togo Cellulaire,Nombre,2013,39594.0
Abonnés GPRS /EDGE Togo Cellulaire,Nombre,2014,31610.0
Abonnés GPRS /EDGE Togo Cellulaire,Nombre,2015,23096.0
Abonnés GPRS /EDGE Togo Cellulaire,Nombre,2016,15350.0
Abonnés GPRS /EDGE Togo Cellulaire,Nombre,2017,12011.0
Abonnés GPRS /EDGE Togo Cellulaire,Nombre,2018,29489.0
Abonnés GPRS /EDGE Togo Cellulaire,Nombre,2019,1134.0
Abonnés GPRS/EDGE Atlantique Telecom,Nombre,2013,109824.0
Abonnés GPRS/EDGE Atlantique Telecom,Nombre,2014,284926.0
Abonnés GPRS/EDGE Atlantique Telecom,Nombre,2015,381711.0
Abonnés GPRS/EDGE Atlantique Telecom,Nombre,2016,68615.0
Abonnés GPRS/EDGE Atlantique Telecom,Nombre,2017,577380.0
Abonnés GPRS/EDGE Atlantique Telecom,Nombre,2018,1106284.0
Abonnés GPRS/EDGE Atlantique Telecom,Nombre,2019,1328472.0
Nombre de clients 3G Togo Cellulaire,Nombre,2013,130019.0
Nombre de clients 3G Togo Cellulaire,Nombre,2014,210448.0
Nombre de clients 3G Togo Cellulaire,Nombre,2015,431869.0
Nombre de clients 3G Togo Cellulaire,Nombre,2016,1142917.0
Nombre de clients 3G Togo Cellulaire,Nombre,2017,1610821.0
Nombre de clients 3G Togo Cellulaire,Nombre,2018,1932767.0
Nombre de clients 3G Togo Cellulaire,Nombre,2019,1242250.0
Nombre de clients 3G Atlantique Telecom,Nombre,2013,0.0
Nombre de clients 3G Atlantique Telecom,Nombre,2014,0.0
Nombre de clients 3G Atlantique Telecom,Nombre,2015,0.0
Nombre de clients 3G Atlantique Telecom,Nombre,2016,294508.0
Nombre de clients 3G Atlantique Telecom,Nombre,2017,405037.0
Nombre de clients 3G Atlantique Telecom,Nombre,2018,467873.0
Nombre de clients 3G Atlantique Telecom,Nombre,2019,633580.0
Nombre de clients 4G Togo Cellulaire,Nombre,2013,0.0
Nombre de clients 4G Togo Cellulaire,Nombre,2014,0.0
Nombre de clients 4G Togo Cellulaire,Nombre,2015,0.0
Nombre de clients 4G Togo Cellulaire,Nombre,2016,0.0
Nombre de clients 4G Togo Cellulaire,Nombre,2017,0.0
Nombre de clients 4G Togo Cellulaire,Nombre,2018,123642.0
Nombre de clients 4G Togo Cellulaire,Nombre,2019,174474.0
Nombre de clients 4G Atlantique Telecom,Nombre,2013,0.0
Nombre de clients 4G Atlantique Telecom,Nombre,2014,0.0
Nombre de clients 4G Atlantique Telecom,Nombre,2015,0.0
Nombre de clients 4G Atlantique Telecom,Nombre,2016,0.0
Nombre de clients 4G Atlantique Telecom,Nombre,2017,0.0
T Togo Cellulaire,Nombre,2013,169613.0
T Togo Cellulaire,Nombre,2014,242058.0
T Togo Cellulaire,Nombre,2015,454965.0
T Togo Cellulaire,Nombre,2016,1158267.0
T Togo Cellulaire,Nombre,2017,1622832.0
T Togo Cellulaire,Nombre,2018,2085898.0
T Togo Cellulaire,Nombre,2019,1417858.0
T Atlantique Telecom,Nombre,2013,109824.0
T Atlantique Telecom,Nombre,2014,284926.0
T Atlantique Telecom,Nombre,2015,381711.0
T Atlantique Telecom,Nombre,2016,363123.0
T Atlantique Telecom,Nombre,2017,982417.0
T Atlantique Telecom,Nombre,2018,1574157.0
T Atlantique Telecom,Nombre,2019,1962052.0
T Abonnés Internet Togo Telecom,Nombre,2013,65991.0
T Abonnés Internet Togo Telecom,Nombre,2014,79621.0
T Abonnés Internet Togo Telecom,Nombre,2015,63108.0
T Abonnés Internet Togo Telecom,Nombre,2016,44613.0
T Abonnés Internet Togo Telecom,Nombre,2017,45757.0
T Abonnés Internet Togo Telecom,Nombre,2018,19340.0
T Abonnés Internet Togo Telecom,Nombre,2019,23466.0
LS point à point,Nombre,2013,448.0
LS Internet,Nombre,2013,93.0
LS Internet,Nombre,2014,104.0
LS Internet,Nombre,2015,100.0
LS Internet,Nombre,2016,116.0
LS Internet,Nombre,2017,133.0
LS Internet,Nombre,2018,148.0
LS Internet,Nombre,2019,183.0
Illiconet,Nombre,2013,36449.0
Illiconet,Nombre,2014,36937.0
Wimax,Nombre,2013,414.0
Wimax,Nombre,2014,494.0
Wimax,Nombre,2015,409.0
Wimax,Nombre,2016,462.0
Wimax,Nombre,2017,1068.0
Wimax,Nombre,2018,2167.0
Wimax,Nombre,2019,1806.0
ADSL,Nombre,2013,6822.0
ADSL,Nombre,2014,9626.0
ADSL,Nombre,2015,10185.0
ADSL,Nombre,2016,8299.0
ADSL,Nombre,2017,10536.0
ADSL,Nombre,2018,14957.0
ADSL,Nombre,2019,14589.0
EvDo,Nombre,2013,21765.0
EvDo,Nombre,2014,32460.0
EvDo,Nombre,2015,52414.0
EvDo,Nombre,2016,35736.0
EvDo,Nombre,2017,33928.0
FTTH,Nombre,2013,0.0
FTTH,Nombre,2014,0.0
FTTH,Nombre,2015,0.0
FTTH,Nombre,2016,0.0
FTTH,Nombre,2017,92.0
FTTH,Nombre,2018,2068.0
FTTH,Nombre,2019,6888.0
Abonnés CAFE,Nombre,2013,2764.0
Abonnés CAFE,Nombre,2014,2490.0
Abonnés CAFE,Nombre,2015,2964.0
Abonnés CAFE,Nombre,2016,4150.0
Abonnés CAFE,Nombre,2017,4793.0
Abonnés CAFE,Nombre,2018,5619.0
Abonnés CAFE,Nombre,2019,2334.0
TEOLIS,Nombre,2013,0.0
TEOLIS,Nombre,2014,0.0
TEOLIS,Nombre,2015,0.0
TEOLIS,Nombre,2016,0.0
TEOLIS,Nombre,2017,0.0
TEOLIS,Nombre,2018,17.0
TEOLIS,Nombre,2019,154.0
GVA,Nombre,2013,0.0
GVA,Nombre,2014,0.0
GVA,Nombre,2015,0.0
GVA,Nombre,2016,0.0
GVA,Nombre,2017,0.0
GVA,Nombre,2018,1180.0
GVA,Nombre,2019,5945.0
Taux de pénétration Internet (Toutes technologies) (%),Nombre,2013,5.24
Taux de pénétration Internet (Toutes technologies) (%),Nombre,2014,8.95
Taux de pénétration Internet (Toutes technologies) (%),Nombre,2015,12.94
Taux de pénétration Internet (Toutes technologies) (%),Nombre,2016,21.98
Taux de pénétration Internet (Toutes technologies) (%),Nombre,2017,36.31
Taux de pénétration Internet (Toutes technologies) (%),Nombre,2018,49.55
Taux de pénétration Internet (Toutes technologies) (%),Nombre,2019,44.79
Taux de pénétration Internet haut débit (%),Nombre,2013,2.43
Taux de pénétration Internet haut débit (%),Nombre,2014,3.75
Taux de pénétration Internet haut débit (%),Nombre,2015,7.14
Taux de pénétration Internet haut débit (%),Nombre,2016,20.81
Taux de pénétration Internet haut débit (%),Nombre,2017,28.25
Taux de pénétration Internet haut débit (%),Nombre,2018,34.26
Taux de pénétration Internet haut débit (%),Nombre,2019,27.34
